email,subject,messagekrzysztof.domanski22@gmail.com,xycv,dwqe
krzysztof.domanski22@gmail.com,xycv,dwqe
krzysztof.domanski22@gmail.com,xycv,dwqe
krzysztof.domanski22@gmail.com,xycv,dwqe
krzysztof.domanski22@gmail.com,xycv,dwqe
krzysztof.domanski22@gmail.com,xycv,dwqe
dfd@gjmail.com,ösalkdjföl,dwqeölksjdföjdsafa 

dfd@gjmail.com,ösalkdjföl,"dwqeölksjdföjdsafa 
"
dfdfdd@gjmail.com,ösalkdjfölasfdads,dwqeölksjdföjdsafa 
asdfadsfasfdffads
adsf
adsf
dsaf
dsa
f
dfdfdd@gjmail.com,ösalkdjfölasfdads,"dwqeölksjdföjdsafa 
asdfadsfasfdffads
adsf
adsf
dsaf
dsa
f"
